run_id,timestamp,frequency_Hz,position_cm,trial,record_seconds,sample_count,median_amp,mean_amp,std_amp,min_amp,max_amp,clipped_count,status_counts,raw_csv,notes,norm_median,norm_std,is_estimated,estimate_method
20260627_143142_f170Hz_x1cm,2026-06-27T14:44:16,170,1.0,2,10,32,4.07,4.075,0.0176777,4.04,4.12,0.0,OK:32,data\mode_shape\raw\20260627_143142_f170Hz_x1cm.csv,,0.0112429386334442,4.8832750928854576e-05,False,
20260627_144557_f170Hz_x2cm,2026-06-27T14:46:18,170,2.0,2,10,32,11.34,11.3875,0.234414,11.25,12.52,0.0,OK:32,data\mode_shape\raw\20260627_144557_f170Hz_x2cm.csv,,0.0313255341777047,0.0006475435422162,False,
20260627_144659_f170Hz_x3cm,2026-06-27T14:47:15,170,3.0,2,10,32,38.47,38.4641,0.174048,37.99,38.87,0.0,OK:32,data\mode_shape\raw\20260627_144659_f170Hz_x3cm.csv,,0.1062692504247179,0.0004807889393792,False,
20260627_144734_f170Hz_x4cm,2026-06-27T14:47:48,170,4.0,2,10,32,88.87,88.8184,0.472368,88.07,90.8,0.0,OK:32,data\mode_shape\raw\20260627_144734_f170Hz_x4cm.csv,,0.2454938467700722,0.0013048659548901,False,
20260627_144809_f170Hz_x5cm,2026-06-27T14:48:22,170,5.0,2,10,32,139.795,139.919,0.535508,139.53,142.76,0.0,OK:32,data\mode_shape\raw\20260627_144809_f170Hz_x5cm.csv,,0.3861686993273573,0.0014792834353116,False,
20260627_144837_f170Hz_x6cm,2026-06-27T14:48:49,170,6.0,2,10,32,195.98,195.977,0.11158,195.82,196.19,0.0,OK:32,data\mode_shape\raw\20260627_144837_f170Hz_x6cm.csv,,0.5413737379317966,0.000308227786909,False,
20260627_144905_f170Hz_x7cm,2026-06-27T14:49:18,170,7.0,2,10,32,242.26,242.235,0.159863,241.93,242.64,0.0,OK:32,data\mode_shape\raw\20260627_144905_f170Hz_x7cm.csv,,0.6692172760044751,0.0004416043977293,False,
20260627_150329_f170Hz_x8cm,2026-06-27T15:03:41,170,8.0,2,10,32,249.115,249.186,0.696369,248.13,250.26,0.0,OK:32,data\mode_shape\raw\20260627_150329_f170Hz_x8cm.csv,,0.688153478543114,0.00192364470104,False,
20260627_150353_f170Hz_x9cm,2026-06-27T15:04:07,170,9.0,2,10,32,274.595,274.528,0.280729,273.81,275.2,0.0,OK:32,data\mode_shape\raw\20260627_150353_f170Hz_x9cm.csv,,0.7585392466954877,0.0007754837640364,False,
20260627_150417_f170Hz_x10cm,2026-06-27T15:04:40,170,10.0,2,10,32,278.82,278.937,0.364702,278.14,279.56,0.0,OK:32,data\mode_shape\raw\20260627_150417_f170Hz_x10cm.csv,,0.7702103562105496,0.0010074501733401,False,
20260627_150450_f170Hz_x11cm,2026-06-27T15:05:05,170,11.0,2,10,32,270.445,270.535,0.867655,268.92,272.3,0.0,OK:32,data\mode_shape\raw\20260627_150450_f170Hz_x11cm.csv,,0.747075316639273,0.0023968039115481,False,
20260627_150543_f170Hz_x12cm,2026-06-27T15:05:57,170,12.0,2,10,32,302.425,302.723,1.91978,301.46,313.36,1.0,LOUD_CLIP:1;OK:31,data\mode_shape\raw\20260627_150543_f170Hz_x12cm.csv,,0.8354166378917419,0.005303186420077,False,
20260627_150707_f170Hz_x13cm,2026-06-27T15:07:19,170,13.0,2,10,32,308.41,308.384,0.103439,307.9,308.48,0.0,OK:32,data\mode_shape\raw\20260627_150707_f170Hz_x13cm.csv,,0.8519495587077527,0.0002857391472493,False,
20260627_150733_f170Hz_x14cm,2026-06-27T15:07:45,170,14.0,2,10,32,300.42,300.157,1.15798,297.43,302.09,0.0,OK:32,data\mode_shape\raw\20260627_150733_f170Hz_x14cm.csv,,0.8298780403585586,0.0031987955967459,False,
20260627_150825_f170Hz_x15cm,2026-06-27T15:08:40,170,15.0,2,10,32,300.22,299.978,0.64812,298.89,300.87,0.0,OK:32,data\mode_shape\raw\20260627_150825_f170Hz_x15cm.csv,,0.8293255618016326,0.0017903620115744,False,
20260627_151009_f170Hz_x16cm,2026-06-27T15:10:21,170,16.0,2,10,32,332.14,331.587,1.17761,328.59,332.28,0.0,OK:32,data\mode_shape\raw\20260627_151009_f170Hz_x16cm.csv,,0.9175011394870236,0.0032530213671081,False,
20260627_151035_f170Hz_x17cm,2026-06-27T15:10:47,170,17.0,2,10,32,305.895,305.789,0.307977,305.16,306.2,0.0,OK:32,data\mode_shape\raw\20260627_151035_f170Hz_x17cm.csv,,0.8450021408544081,0.000850753442632,False,
20260627_151122_f170Hz_x18cm,2026-06-27T15:11:34,170,18.0,2,10,32,308.23,308.185,1.44774,305.15,310.82,0.0,OK:32,data\mode_shape\raw\20260627_151122_f170Hz_x18cm.csv,,0.8514523280065193,0.0039992265300203,False,
20260627_151247_f170Hz_x19cm,2026-06-27T15:13:01,170,19.0,2,10,32,299.94,300.062,1.1913,297.61,302.86,0.0,OK:32,data\mode_shape\raw\20260627_151247_f170Hz_x19cm.csv,,0.8285520918219361,0.0032908385243297,False,
20260627_151327_f170Hz_x20cm,2026-06-27T15:13:39,170,20.0,2,10,32,306.095,305.173,2.49674,297.61,306.81,0.0,OK:32,data\mode_shape\raw\20260627_151327_f170Hz_x20cm.csv,,0.8455546194113341,0.0068969765610972,False,
20260627_151353_f170Hz_x21cm,2026-06-27T15:14:05,170,21.0,2,10,32,308.26,307.825,1.13916,304.48,308.58,0.0,OK:32,data\mode_shape\raw\20260627_151353_f170Hz_x21cm.csv,,0.8515351997900581,0.0031468073645391,False,
20260627_151414_f170Hz_x22cm,2026-06-27T15:14:26,170,22.0,2,10,32,300.72,300.604,1.81717,296.87,304.42,0.0,OK:32,data\mode_shape\raw\20260627_151414_f170Hz_x22cm.csv,,0.8307067581939477,0.0050197372964461,False,
20260627_151446_f170Hz_x23cm,2026-06-27T15:14:58,170,23.0,2,10,32,307.49,307.238,1.31838,302.72,308.55,0.0,OK:32,data\mode_shape\raw\20260627_151446_f170Hz_x23cm.csv,,0.849408157345893,0.0036418833994005,False,
20260627_151513_f170Hz_x24cm,2026-06-27T15:15:25,170,24.0,2,10,32,313.845,314.354,0.791841,313.42,315.74,0.0,OK:32,data\mode_shape\raw\20260627_151513_f170Hz_x24cm.csv,,0.866963163492217,0.0021873758649742,False,
20260627_151537_f170Hz_x25cm,2026-06-27T15:15:49,170,25.0,2,10,32,316.775,316.485,0.589465,315.31,317.18,0.0,OK:32,data\mode_shape\raw\20260627_151537_f170Hz_x25cm.csv,,0.8750569743511829,0.0016283338627919,False,
20260627_151602_f170Hz_x26cm,2026-06-27T15:16:15,170,26.0,2,10,32,317.03,317.083,0.219124,316.69,317.51,0.0,OK:32,data\mode_shape\raw\20260627_151602_f170Hz_x26cm.csv,,0.8757613845112636,0.0006053065565392,False,
20260627_151636_f170Hz_x27cm,2026-06-27T15:16:48,170,27.0,2,10,32,335.71,334.755,3.43372,324.07,337.39,0.0,OK:32,data\mode_shape\raw\20260627_151636_f170Hz_x27cm.csv,,0.9273628817281528,0.0094852833524398,False,
20260627_151704_f170Hz_x28cm,2026-06-27T15:17:16,170,28.0,2,10,32,334.01,333.989,0.213465,333.59,334.28,0.0,OK:32,data\mode_shape\raw\20260627_151704_f170Hz_x28cm.csv,,0.922666813994282,0.000589674175771,False,
20260627_151733_f170Hz_x29cm,2026-06-27T15:17:45,170,29.0,2,10,32,335.61,333.126,4.0518,326.15,336.73,0.0,OK:32,data\mode_shape\raw\20260627_151733_f170Hz_x29cm.csv,,0.92708664244969,0.011192663084764,False,
20260627_151803_f170Hz_x30cm,2026-06-27T15:18:15,170,30.0,2,10,32,333.915,333.84,0.318948,333.41,334.35,0.0,OK:32,data\mode_shape\raw\20260627_151803_f170Hz_x30cm.csv,,0.922404386679742,0.0008810596538721,False,
20260627_151825_f170Hz_x31cm,2026-06-27T15:18:37,170,31.0,2,10,32,317.225,317.301,1.16091,314.36,319.39,0.0,OK:32,data\mode_shape\raw\20260627_151825_f170Hz_x31cm.csv,,0.8763000511042666,0.0032068894076048,False,
20260627_152443_f170Hz_x32cm,2026-06-27T15:24:55,170,32.0,2,10,32,339.3,339.183,0.443062,337.24,339.58,0.0,OK:32,data\mode_shape\raw\20260627_152443_f170Hz_x32cm.csv,,0.9372798718249749,0.0012239112719437,False,
20260627_152505_f170Hz_x33cm,2026-06-27T15:25:17,170,33.0,2,10,32,344.005,343.981,0.156404,343.68,344.23,0.0,OK:32,data\mode_shape\raw\20260627_152505_f170Hz_x33cm.csv,,0.9502769298766592,0.0004320492810872,False,
20260627_152552_f170Hz_x34cm,2026-06-27T15:26:04,170,34.0,2,10,32,345.715,345.712,0.0535279,345.6,345.84,0.0,OK:32,data\mode_shape\raw\20260627_152552_f170Hz_x34cm.csv,,0.9550006215383764,0.0001478650847363,False,
20260627_152620_f170Hz_x35cm,2026-06-27T15:26:32,170,35.0,2,10,32,357.205,356.997,0.705857,354.4,357.72,0.0,OK:32,data\mode_shape\raw\20260627_152620_f170Hz_x35cm.csv,,0.9867405146337758,0.0019498542837806,False,
20260627_152645_f170Hz_x36cm,2026-06-27T15:26:57,170,36.0,2,10,32,356.2,356.182,0.494843,355.08,357.24,0.0,OK:32,data\mode_shape\raw\20260627_152645_f170Hz_x36cm.csv,,0.9839643098852224,0.0013669507327246,False,
20260627_152719_f170Hz_x37cm,2026-06-27T15:27:31,170,37.0,2,10,32,357.72,357.661,0.375086,356.46,358.03,0.0,OK:32,data\mode_shape\raw\20260627_152719_f170Hz_x37cm.csv,,0.9881631469178604,0.0010361348600157,False,
20260627_152740_f170Hz_x38cm,2026-06-27T15:27:55,170,38.0,2,10,32,357.465,357.306,0.375349,356.48,357.87,0.0,OK:32,data\mode_shape\raw\20260627_152740_f170Hz_x38cm.csv,,0.9874587367577796,0.0010368613693181,False,
20260627_152810_f170Hz_x39cm,2026-06-27T15:28:22,170,39.0,2,10,32,358.165,358.161,0.270716,357.13,358.54,0.0,OK:32,data\mode_shape\raw\20260627_152810_f170Hz_x39cm.csv,,0.9893924117070206,0.0007478239250839,False,
20260627_152834_f170Hz_x40cm,2026-06-27T15:28:46,170,40.0,2,10,32,359.59,359.583,0.0359198,359.5,359.65,0.0,OK:32,data\mode_shape\raw\20260627_152834_f170Hz_x40cm.csv,,0.9933288214251184,9.922459634535436e-05,False,
20260627_152855_f170Hz_x40cm,2026-06-27T15:29:07,170,41.0,2,10,32,362.005,361.752,0.523157,359.56,362.18,0.0,OK:32,data\mode_shape\raw\20260627_152855_f170Hz_x40cm.csv,,1.0,0.0014451651220287,False,
20260627_153003_f170Hz_x42cm,2026-06-27T15:30:15,170,42.0,2,10,32,361.25,361.146,0.461606,360.24,361.69,0.0,OK:32,data\mode_shape\raw\20260627_153003_f170Hz_x42cm.csv,,0.9979143934476044,0.0012751370837419,False,
20260627_153030_f170Hz_x43cm,2026-06-27T15:30:44,170,43.0,2,10,32,357.9,357.771,0.327345,356.64,358.14,0.0,OK:32,data\mode_shape\raw\20260627_153030_f170Hz_x43cm.csv,,0.9886603776190936,0.0009042554660847,False,
20260627_153526_f255Hz_x1cm,2026-06-27T15:35:33,255,1.0,2,5,16,150.17,150.881,1.07882,149.66,152.43,0.0,OK:16,data\mode_shape\raw\20260627_153526_f255Hz_x1cm.csv,,0.5472867086992966,0.0039317030504027,False,
20260627_153552_f255Hz_x2cm,2026-06-27T15:36:00,255,2.0,2,5,16,143.33,143.369,0.169332,143.09,143.66,0.0,OK:16,data\mode_shape\raw\20260627_153552_f255Hz_x2cm.csv,,0.5223586865410548,0.0006171216152192,False,
20260627_153637_f255Hz_x3cm,2026-06-27T15:36:44,255,3.0,2,5,16,128.085,128.084,0.103855,127.88,128.24,0.0,OK:16,data\mode_shape\raw\20260627_153637_f255Hz_x3cm.csv,,0.4667990815991837,0.0003784941142169,False,
20260627_153655_f255Hz_x4cm,2026-06-27T15:37:02,255,4.0,2,5,16,115.34,115.345,0.183098,115.08,115.82,0.0,OK:16,data\mode_shape\raw\20260627_153655_f255Hz_x4cm.csv,,0.4203505958671963,0.0006672910820365,False,
20260627_153721_f255Hz_x5cm,2026-06-27T15:37:29,255,5.0,2,5,16,96.755,96.7288,0.120617,96.47,96.92,0.0,OK:16,data\mode_shape\raw\20260627_153721_f255Hz_x5cm.csv,,0.3526185356609206,0.0004395823462954,False,
20260627_153744_f255Hz_x6cm,2026-06-27T15:37:52,255,6.0,2,5,16,74.355,74.2862,0.324921,73.12,74.69,0.0,OK:16,data\mode_shape\raw\20260627_153744_f255Hz_x6cm.csv,,0.2709829075403623,0.0011841575859178,False,
20260627_153821_f255Hz_x7cm,2026-06-27T15:38:28,255,7.0,2,5,16,54.455,54.4656,0.105887,54.24,54.66,0.0,OK:16,data\mode_shape\raw\20260627_153821_f255Hz_x7cm.csv,,0.1984583986296876,0.0003858996319107,False,
20260627_153847_f255Hz_x8cm,2026-06-27T15:38:54,255,8.0,2,5,16,31.335,31.2481,0.343824,30.42,31.78,0.0,OK:16,data\mode_shape\raw\20260627_153847_f255Hz_x8cm.csv,,0.1141987681766828,0.0012530485804876,False,
20260627_153905_f255Hz_x9cm,2026-06-27T15:39:13,255,9.0,2,5,16,26.53,26.7512,0.60353,25.97,28.0,0.0,OK:16,data\mode_shape\raw\20260627_153905_f255Hz_x9cm.csv,,0.0966871970552862,0.0021995335106964,False,
20260627_154034_f255Hz_x10cm,2026-06-27T15:40:42,255,10.0,2,5,16,22.92,22.9325,0.0505594,22.86,23.01,0.0,OK:16,data\mode_shape\raw\20260627_154034_f255Hz_x10cm.csv,,0.0835307409162141,0.000184261088232,False,
20260627_154059_f255Hz_x11cm,2026-06-27T15:41:07,255,11.0,2,5,16,13.28,13.8081,1.63083,12.59,19.15,0.0,OK:16,data\mode_shape\raw\20260627_154059_f255Hz_x11cm.csv,,0.0483982652429024,0.0059434746164218,False,
20260627_154119_f255Hz_x12cm,2026-06-27T15:41:27,255,12.0,2,5,16,10.3,12.8556,10.8694,8.23,54.9,1.0,LOUD_CLIP:1;OK:15,data\mode_shape\raw\20260627_154119_f255Hz_x12cm.csv,,0.037537811144721,0.0396129596559641,False,
20260627_154431_f255Hz_x13cm,2026-06-27T15:44:39,255,13.0,2,5,16,7.305,7.35562,0.185808,7.25,8.06,0.0,OK:16,data\mode_shape\raw\20260627_154431_f255Hz_x13cm.csv,,0.0266226903312802,0.00067716753526,False,
20260627_154449_f255Hz_x14cm,2026-06-27T15:44:57,255,14.0,2,5,16,5.34,5.34938,0.0499335,5.28,5.45,0.0,OK:16,data\mode_shape\raw\20260627_154449_f255Hz_x14cm.csv,,0.0194613506323116,0.0001819800284266,False,
20260627_154512_f255Hz_x15cm,2026-06-27T15:45:19,255,15.0,2,5,16,2.7,2.70375,0.0319912,2.68,2.82,0.0,OK:16,data\mode_shape\raw\20260627_154512_f255Hz_x15cm.csv,,0.0098400087466744,0.0001165902547468,False,
20260627_154713_f255Hz_x16cm,2026-06-27T15:47:21,255,16.0,2,5,16,1.64,1.67812,0.135149,1.63,2.2,0.0,OK:16,data\mode_shape\raw\20260627_154713_f255Hz_x16cm.csv,,0.0059768942016837,0.0004925434600386,False,
20260627_154732_f255Hz_x17cm,2026-06-27T15:47:39,255,17.0,2,5,16,1.34,1.34313,0.0189469,1.31,1.38,0.0,OK:16,data\mode_shape\raw\20260627_154732_f255Hz_x17cm.csv,,0.0048835598964976,6.905098582309851e-05,False,
20260627_154748_f255Hz_x18cm,2026-06-27T15:47:55,255,18.0,2,5,16,2.18,2.185,0.0141421,2.16,2.21,0.0,OK:16,data\mode_shape\raw\20260627_154748_f255Hz_x18cm.csv,,0.0079448959510186,5.154014359123875e-05,False,
20260627_154815_f255Hz_x19cm,2026-06-27T15:48:23,255,19.0,2,5,16,3.88,3.87812,0.0107347,3.86,3.89,0.0,OK:16,data\mode_shape\raw\20260627_154815_f255Hz_x19cm.csv,,0.0141404570137395,3.9122052552935605e-05,False,
20260627_154838_f255Hz_x20cm,2026-06-27T15:48:46,255,20.0,2,5,16,4.97,6.66812,3.03148,4.74,15.2,0.0,OK:16,data\mode_shape\raw\20260627_154838_f255Hz_x20cm.csv,,0.0181129049892488,0.0110480702649513,False,
20260627_154900_f255Hz_x21cm,2026-06-27T15:49:07,255,21.0,2,5,16,6.7,6.69688,0.0918367,6.56,6.98,0.0,OK:16,data\mode_shape\raw\20260627_154900_f255Hz_x21cm.csv,,0.0244177994824884,0.0003346940486169,False,
20260627_154916_f255Hz_x22cm,2026-06-27T15:49:23,255,22.0,2,5,16,9.22,9.3925,0.459857,9.08,10.92,0.0,OK:16,data\mode_shape\raw\20260627_154916_f255Hz_x22cm.csv,,0.0336018076460512,0.0016759247785998,False,
20260627_154938_f255Hz_x23cm,2026-06-27T15:49:45,255,23.0,2,5,16,13.845,13.8006,0.31807,13.26,14.47,0.0,OK:16,data\mode_shape\raw\20260627_154938_f255Hz_x23cm.csv,,0.0504573781843361,0.001159189474835,False,
20260627_155003_f255Hz_x24cm,2026-06-27T15:50:10,255,24.0,2,5,16,25.065,25.0094,3.96618,20.82,39.04,0.0,OK:16,data\mode_shape\raw\20260627_155003_f255Hz_x24cm.csv,,0.0913480811982944,0.0144545355151426,False,
20260627_155020_f255Hz_x25cm,2026-06-27T15:50:27,255,25.0,2,5,16,40.31,40.305,0.375716,39.75,41.05,0.0,OK:16,data\mode_shape\raw\20260627_155020_f255Hz_x25cm.csv,,0.1469076861401654,0.0013692773060242,False,
20260627_155034_f255Hz_x26cm,2026-06-27T15:50:41,255,26.0,2,5,16,50.645,50.6894,0.279631,50.23,51.22,0.0,OK:16,data\mode_shape\raw\20260627_155034_f255Hz_x26cm.csv,,0.1845730529538248,0.0010191005503116,False,
20260627_155053_f255Hz_x27cm,2026-06-27T15:51:00,255,27.0,2,5,16,74.66,74.4638,0.581151,73.05,75.1,0.0,OK:16,data\mode_shape\raw\20260627_155053_f255Hz_x27cm.csv,,0.2720944640839681,0.0021179744159772,False,
20260627_155107_f255Hz_x28cm,2026-06-27T15:51:14,255,28.0,2,5,16,93.36,93.0969,0.688646,91.18,93.86,0.0,OK:16,data\mode_shape\raw\20260627_155107_f255Hz_x28cm.csv,,0.3402456357738985,0.0025097343197638,False,
20260627_155124_f255Hz_x29cm,2026-06-27T15:51:31,255,29.0,2,5,16,126.775,126.89,2.09418,123.37,130.54,0.0,OK:16,data\mode_shape\raw\20260627_155124_f255Hz_x29cm.csv,,0.4620248551332046,0.0076321294507817,False,
20260627_155147_f255Hz_x30cm,2026-06-27T15:51:54,255,30.0,2,5,16,175.205,175.036,0.711098,172.76,175.72,0.0,OK:16,data\mode_shape\raw\20260627_155147_f255Hz_x30cm.csv,,0.6385254564670725,0.0025915594591639,False,
20260627_155203_f255Hz_x31cm,2026-06-27T15:52:10,255,31.0,2,5,16,190.95,190.947,0.851364,189.35,192.34,0.0,OK:16,data\mode_shape\raw\20260627_155203_f255Hz_x31cm.csv,,0.6959072852509203,0.0031027515580013,False,
20260627_155219_f255Hz_x32cm,2026-06-27T15:52:27,255,32.0,2,5,16,197.565,197.621,0.839319,196.29,198.84,0.0,OK:16,data\mode_shape\raw\20260627_155219_f255Hz_x32cm.csv,,0.7200153066802726,0.0030588541856481,False,
20260627_155234_f255Hz_x33cm,2026-06-27T15:52:42,255,33.0,2,5,16,211.2,211.181,0.573769,210.29,212.26,0.0,OK:16,data\mode_shape\raw\20260627_155234_f255Hz_x33cm.csv,,0.7697073508509785,0.0020910711031743,False,
20260627_155249_f255Hz_x34cm,2026-06-27T15:52:56,255,34.0,2,5,16,217.745,217.715,0.248747,217.07,218.03,0.0,OK:16,data\mode_shape\raw\20260627_155249_f255Hz_x34cm.csv,,0.7935602609424542,0.0009065454280403,False,
estimated_f255Hz_x35cm,,255,35.0,2,5,16,235.56333333333333,,0.280022,,,,ESTIMATED,,Estimated by linear interpolation between 34 cm and 37 cm.,0.8584982445910323,0.001020525529356,True,linear_interpolation_between_neighbor_positions
estimated_f255Hz_x36cm,,255,36.0,2,5,16,253.38166666666666,,0.280022,,,,ESTIMATED,,Estimated by linear interpolation between 34 cm and 37 cm.,0.9234362282396104,0.001020525529356,True,linear_interpolation_between_neighbor_positions
20260627_155424_f255Hz_x37cm,2026-06-27T15:54:32,255,37.0,2,5,16,271.2,271.205,0.280022,270.7,271.66,0.0,OK:16,data\mode_shape\raw\20260627_155424_f255Hz_x37cm.csv,,0.9883742118881884,0.001020525529356,False,
20260627_155734_f255Hz_x38cm,2026-06-27T15:57:41,255,38.0,2,5,16,270.945,270.313,1.54012,265.12,271.27,0.0,OK:16,data\mode_shape\raw\20260627_155734_f255Hz_x38cm.csv,,0.9874448777287802,0.0056128867670104,False,
20260627_155751_f255Hz_x39cm,2026-06-27T15:57:59,255,39.0,2,5,16,261.02,261.228,0.832318,259.84,262.44,2.0,LOUD_CLIP:2;OK:14,data\mode_shape\raw\20260627_155751_f255Hz_x39cm.csv,,0.9512737344655418,0.0030333394074128,False,
20260627_155814_f255Hz_x40cm,2026-06-27T15:58:21,255,40.0,2,5,14,274.39,266.454,23.027,189.41,287.31,7.0,LOUD_CLIP:7;OK:7,data\mode_shape\raw\20260627_155814_f255Hz_x40cm.csv,,1.0,0.0839206968183971,False,
20260627_155827_f255Hz_x41cm,2026-06-27T15:58:34,255,41.0,2,5,8,271.98,271.99,0.0636396,271.89,272.1,0.0,OK:8,data\mode_shape\raw\20260627_155827_f255Hz_x41cm.csv,,0.9912168810816722,0.0002319311928277,False,
estimated_f255Hz_x42cm,,255,42.0,2,5,8,272.385,,0.981904,,,,ESTIMATED,,Estimated by linear interpolation between 41 cm and 43 cm.,0.9926928823936734,0.0035784977586646,True,linear_interpolation_between_neighbor_positions
20260627_155900_f255Hz_x43cm,2026-06-27T15:59:07,255,43.0,2,5,16,272.79,272.641,0.981904,270.29,273.8,0.0,OK:16,data\mode_shape\raw\20260627_155900_f255Hz_x43cm.csv,,0.9941688837056746,0.0035784977586646,False,
20260627_190235_f343Hz_x1cm,2026-06-27T19:02:58,343,1.0,2,8,26,350.82,350.693,0.325278,350.14,351.14,0.0,OK:26,data\mode_shape\raw\20260627_190235_f343Hz_x1cm.csv,,0.9956577266922094,0.0009231673052362,False,
20260627_190325_f343Hz_x2cm,2026-06-27T19:03:37,343,2.0,2,8,26,352.215,352.182,0.320753,351.64,352.67,0.0,OK:26,data\mode_shape\raw\20260627_190325_f343Hz_x2cm.csv,,0.9996168582375478,0.0009103249609763,False,
20260627_190430_f343Hz_x3cm,2026-06-27T19:04:42,343,3.0,2,8,26,352.35,352.337,0.324521,351.82,352.83,0.0,OK:26,data\mode_shape\raw\20260627_190430_f343Hz_x3cm.csv,,1.0,0.0009210188732794,False,
20260627_190457_f343Hz_x4cm,2026-06-27T19:05:08,343,4.0,2,8,26,351.05,350.979,0.341309,350.3,351.61,0.0,OK:26,data\mode_shape\raw\20260627_190457_f343Hz_x4cm.csv,,0.9963104867319428,0.0009686646800056,False,
20260627_190518_f343Hz_x5cm,2026-06-27T19:05:28,343,5.0,2,8,26,349.865,349.715,0.313838,349.18,350.14,0.0,OK:26,data\mode_shape\raw\20260627_190518_f343Hz_x5cm.csv,,0.992947353483752,0.0008906995884773,False,
20260627_190544_f343Hz_x6cm,2026-06-27T19:05:55,343,6.0,2,8,26,346.81,346.716,0.309678,346.2,347.17,0.0,OK:26,data\mode_shape\raw\20260627_190544_f343Hz_x6cm.csv,,0.9842769973038172,0.0008788931460195,False,
20260627_190607_f343Hz_x7cm,2026-06-27T19:06:18,343,7.0,2,8,26,344.24,344.15,0.35382,343.43,344.57,0.0,OK:26,data\mode_shape\raw\20260627_190607_f343Hz_x7cm.csv,,0.9769831133815808,0.00100417198808,False,
20260627_190627_f343Hz_x8cm,2026-06-27T19:06:38,343,8.0,2,8,26,339.5,339.375,0.337767,338.83,339.83,0.0,OK:26,data\mode_shape\raw\20260627_190627_f343Hz_x8cm.csv,,0.963530580388818,0.0009586121753937,False,
20260627_190648_f343Hz_x9cm,2026-06-27T19:07:02,343,9.0,2,8,26,332.87,332.822,0.297545,332.3,333.27,0.0,OK:26,data\mode_shape\raw\20260627_190648_f343Hz_x9cm.csv,,0.9447140627217256,0.00084445863488,False,
20260627_190709_f343Hz_x10cm,2026-06-27T19:07:20,343,10.0,2,8,26,325.89,325.836,0.277782,325.26,326.22,0.0,OK:26,data\mode_shape\raw\20260627_190709_f343Hz_x10cm.csv,,0.9249042145593868,0.0007883695189442,False,
20260627_190728_f343Hz_x11cm,2026-06-27T19:07:39,343,11.0,2,8,26,314.7,314.647,0.292519,314.08,315.1,0.0,OK:26,data\mode_shape\raw\20260627_190728_f343Hz_x11cm.csv,,0.8931460195828012,0.0008301944089683,False,
20260627_190748_f343Hz_x12cm,2026-06-27T19:07:58,343,12.0,2,8,26,302.82,302.729,0.305311,302.15,303.21,0.0,OK:26,data\mode_shape\raw\20260627_190748_f343Hz_x12cm.csv,,0.8594295444870157,0.000866499219526,False,
20260627_190810_f343Hz_x13cm,2026-06-27T19:08:21,343,13.0,2,8,26,285.14,285.088,0.272722,284.67,285.48,0.0,OK:26,data\mode_shape\raw\20260627_190810_f343Hz_x13cm.csv,,0.809252164041436,0.0007740087980701,False,
20260627_190836_f343Hz_x14cm,2026-06-27T19:08:46,343,14.0,2,6,19,264.36,264.277,0.284306,263.75,264.73,0.0,OK:19,data\mode_shape\raw\20260627_190836_f343Hz_x14cm.csv,,0.7502767134951043,0.0008068851993756,False,
20260627_190906_f343Hz_x15cm,2026-06-27T19:09:16,343,15.0,2,6,19,236.09,236.121,0.295162,235.53,236.57,0.0,OK:19,data\mode_shape\raw\20260627_190906_f343Hz_x15cm.csv,,0.6700439903505038,0.000837695473251,False,
20260627_190937_f343Hz_x16cm,2026-06-27T19:09:46,343,16.0,2,6,19,204.74,204.664,0.210596,204.3,205.0,0.0,OK:19,data\mode_shape\raw\20260627_190937_f343Hz_x16cm.csv,,0.5810699588477366,0.0005976897970767,False,
20260627_191016_f343Hz_x17cm,2026-06-27T19:10:24,343,17.0,2,6,19,174.08,174.051,0.194029,173.7,174.35,0.0,OK:19,data\mode_shape\raw\20260627_191016_f343Hz_x17cm.csv,,0.4940542074641691,0.000550671207606,False,
20260627_191039_f343Hz_x18cm,2026-06-27T19:10:47,343,18.0,2,6,19,148.78,148.724,0.174272,148.4,148.99,0.0,OK:19,data\mode_shape\raw\20260627_191039_f343Hz_x18cm.csv,,0.4222506030935149,0.0004945991201929,False,
20260627_191057_f343Hz_x19cm,2026-06-27T19:11:05,343,19.0,2,6,19,120.6,120.599,0.169454,120.35,120.89,0.0,OK:19,data\mode_shape\raw\20260627_191057_f343Hz_x19cm.csv,,0.3422733077905491,0.0004809252164041,False,
20260627_191113_f343Hz_x20cm,2026-06-27T19:11:21,343,20.0,2,6,19,97.34,97.32,0.107164,97.16,97.51,0.0,OK:19,data\mode_shape\raw\20260627_191113_f343Hz_x20cm.csv,,0.2762594011636157,0.0003041407691216,False,
20260627_191128_f343Hz_x21cm,2026-06-27T19:11:36,343,21.0,2,6,19,71.43,71.4211,0.0862002,71.28,71.57,0.0,OK:19,data\mode_shape\raw\20260627_191128_f343Hz_x21cm.csv,,0.2027245636441038,0.0002446436781609,False,
20260627_191143_f343Hz_x22cm,2026-06-27T19:11:52,343,22.0,2,6,19,46.82,46.7868,0.0737744,46.63,46.89,0.0,OK:19,data\mode_shape\raw\20260627_191143_f343Hz_x22cm.csv,,0.1328792393926493,0.0002093781751099,False,
20260627_191201_f343Hz_x23cm,2026-06-27T19:12:10,343,23.0,2,6,19,28.23,28.3832,0.357507,28.16,29.67,0.0,OK:19,data\mode_shape\raw\20260627_191201_f343Hz_x23cm.csv,,0.0801191996594295,0.0010146360153256,False,
20260627_191217_f343Hz_x24cm,2026-06-27T19:12:25,343,24.0,2,6,19,13.62,13.6216,0.0308243,13.55,13.67,0.0,OK:19,data\mode_shape\raw\20260627_191217_f343Hz_x24cm.csv,,0.0386547467007237,8.748204909890733e-05,False,
20260627_191233_f343Hz_x25cm,2026-06-27T19:12:41,343,25.0,2,6,19,5.12,5.12316,0.0284795,5.07,5.17,0.0,CHECK_WIRING:19,data\mode_shape\raw\20260627_191233_f343Hz_x25cm.csv,,0.0145310061018873,8.082730239818362e-05,False,
20260627_191248_f343Hz_x26cm,2026-06-27T19:12:56,343,26.0,2,6,19,6.71,6.71526,0.0247872,6.67,6.77,0.0,CHECK_WIRING:19,data\mode_shape\raw\20260627_191248_f343Hz_x26cm.csv,,0.0190435646374343,7.034823329076202e-05,False,
20260627_191303_f343Hz_x27cm,2026-06-27T19:13:12,343,27.0,2,6,19,18.26,18.2621,0.0367894,18.18,18.33,0.0,OK:19,data\mode_shape\raw\20260627_191303_f343Hz_x27cm.csv,,0.0518234709805591,0.0001044115226337,False,
20260627_191322_f343Hz_x28cm,2026-06-27T19:13:30,343,28.0,2,6,19,31.77,31.7589,0.0452937,31.64,31.81,0.0,OK:19,data\mode_shape\raw\20260627_191322_f343Hz_x28cm.csv,,0.0901660280970625,0.0001285474670072,False,
20260627_191337_f343Hz_x29cm,2026-06-27T19:13:45,343,29.0,2,6,19,53.82,53.7963,0.0796843,53.65,53.94,0.0,OK:19,data\mode_shape\raw\20260627_191337_f343Hz_x29cm.csv,,0.1527458492975734,0.0002261509862352,False,
20260627_191400_f343Hz_x30cm,2026-06-27T19:14:09,343,30.0,2,6,19,78.44,78.4026,0.101662,78.2,78.58,0.0,OK:19,data\mode_shape\raw\20260627_191400_f343Hz_x30cm.csv,,0.2226195544203207,0.0002885256137363,False,
20260627_191417_f343Hz_x31cm,2026-06-27T19:14:25,343,31.0,2,6,19,105.49,105.449,0.143764,105.15,105.66,0.0,OK:19,data\mode_shape\raw\20260627_191417_f343Hz_x31cm.csv,,0.2993898112672059,0.000408014758053,False,
20260627_191433_f343Hz_x32cm,2026-06-27T19:14:41,343,32.0,2,6,19,131.12,131.086,0.16487,130.8,131.32,0.0,OK:19,data\mode_shape\raw\20260627_191433_f343Hz_x32cm.csv,,0.3721299843905207,0.0004679154250035,False,
20260627_191449_f343Hz_x33cm,2026-06-27T19:14:58,343,33.0,2,6,19,152.93,152.839,0.19691,152.5,153.08,0.0,OK:19,data\mode_shape\raw\20260627_191449_f343Hz_x33cm.csv,,0.4340286646800056,0.0005588477366255,False,
20260627_191501_f343Hz_x34cm,2026-06-27T19:15:09,343,34.0,2,6,19,179.74,179.661,0.219926,179.3,179.96,0.0,OK:19,data\mode_shape\raw\20260627_191501_f343Hz_x34cm.csv,,0.5101177806158649,0.0006241691499929,False,
20260627_191519_f343Hz_x35cm,2026-06-27T19:15:27,343,35.0,2,6,19,206.31,206.212,0.200978,205.78,206.45,0.0,OK:19,data\mode_shape\raw\20260627_191519_f343Hz_x35cm.csv,,0.5855257556406981,0.0005703930750674,False,
20260627_191532_f343Hz_x36cm,2026-06-27T19:15:40,343,36.0,2,6,19,230.64,230.624,0.295514,230.14,231.12,0.0,OK:19,data\mode_shape\raw\20260627_191532_f343Hz_x36cm.csv,,0.6545764154959557,0.0008386944799205,False,
20260627_191551_f343Hz_x37cm,2026-06-27T19:15:59,343,37.0,2,6,19,249.12,249.11,0.281107,248.63,249.65,0.0,OK:19,data\mode_shape\raw\20260627_191551_f343Hz_x37cm.csv,,0.7070242656449552,0.000797806158649,False,
20260627_191604_f343Hz_x38cm,2026-06-27T19:16:12,343,38.0,2,6,19,269.2,269.175,0.247054,268.67,269.48,0.0,OK:19,data\mode_shape\raw\20260627_191604_f343Hz_x38cm.csv,,0.7640130552007945,0.0007011607776358,False,
20260627_191620_f343Hz_x39cm,2026-06-27T19:16:28,343,39.0,2,6,19,289.62,289.486,0.29587,288.92,289.82,0.0,OK:19,data\mode_shape\raw\20260627_191620_f343Hz_x39cm.csv,,0.8219667943805874,0.0008397048389385,False,
20260627_191635_f343Hz_x40cm,2026-06-27T19:16:43,343,40.0,2,6,19,307.81,307.719,0.306396,307.19,308.13,0.0,OK:19,data\mode_shape\raw\20260627_191635_f343Hz_x40cm.csv,,0.8735915992620973,0.0008695785440613,False,
20260627_191650_f343Hz_x41cm,2026-06-27T19:16:58,343,41.0,2,6,19,316.66,316.583,0.294187,315.92,316.92,0.0,OK:19,data\mode_shape\raw\20260627_191650_f343Hz_x41cm.csv,,0.89870867035618,0.0008349283382999,False,
20260627_191707_f343Hz_x42cm,2026-06-27T19:17:16,343,42.0,2,6,19,326.38,326.273,0.324476,325.54,326.71,0.0,OK:19,data\mode_shape\raw\20260627_191707_f343Hz_x42cm.csv,,0.9262948772527316,0.0009208911593585,False,
20260627_191728_f343Hz_x43cm,2026-06-27T19:17:37,343,43.0,2,6,19,335.24,335.1,0.292791,334.49,335.42,0.0,OK:19,data\mode_shape\raw\20260627_191728_f343Hz_x43cm.csv,,0.951440329218107,0.0008309663686675,False,
20260627_192113_f425Hz_x1cm,2026-06-27T19:21:23,425,1.0,2,5,16,253.81,253.779,0.204434,253.21,254.06,0.0,OK:16,data\mode_shape\raw\20260627_192113_f425Hz_x1cm.csv,,0.7355106062362351,0.0005924249449403,False,
20260627_192137_f425Hz_x2cm,2026-06-27T19:21:45,425,2.0,2,5,16,287.64,287.816,0.653682,287.05,289.34,0.0,OK:16,data\mode_shape\raw\20260627_192137_f425Hz_x2cm.csv,,0.8335458444418685,0.001894291178857,False,
20260627_192153_f425Hz_x3cm,2026-06-27T19:22:01,425,3.0,2,5,16,305.395,305.502,0.980594,303.5,306.75,0.0,OK:16,data\mode_shape\raw\20260627_192153_f425Hz_x3cm.csv,,0.8849976816969978,0.002841642517677,False,
20260627_192208_f425Hz_x4cm,2026-06-27T19:22:16,425,4.0,2,5,16,315.77,315.949,0.713625,314.8,317.0,0.0,OK:16,data\mode_shape\raw\20260627_192208_f425Hz_x4cm.csv,,0.91506317375681,0.0020679987249333,False,
20260627_192223_f425Hz_x5cm,2026-06-27T19:22:32,425,5.0,2,5,16,327.94,327.913,0.296136,327.49,328.42,0.0,OK:16,data\mode_shape\raw\20260627_192223_f425Hz_x5cm.csv,,0.950330358177814,0.0008581662223252,False,
20260627_192239_f425Hz_x6cm,2026-06-27T19:22:46,425,6.0,2,5,16,334.855,334.766,0.401294,333.92,335.23,0.0,OK:16,data\mode_shape\raw\20260627_192239_f425Hz_x6cm.csv,,0.9703691897531008,0.0011629013562072,False,
20260627_192251_f425Hz_x7cm,2026-06-27T19:22:59,425,7.0,2,5,16,338.555,338.651,0.41776,338.07,339.49,0.0,OK:16,data\mode_shape\raw\20260627_192251_f425Hz_x7cm.csv,,0.9810913411382868,0.00121061782775,False,
20260627_192301_f425Hz_x8cm,2026-06-27T19:23:15,425,8.0,2,5,16,342.015,341.998,0.165046,341.5,342.35,0.0,OK:16,data\mode_shape\raw\20260627_192301_f425Hz_x8cm.csv,,0.9911180016228122,0.0004782832966268,False,
20260627_192323_f425Hz_x9cm,2026-06-27T19:23:31,425,9.0,2,5,16,345.08,345.156,0.367387,344.72,345.99,0.0,OK:16,data\mode_shape\raw\20260627_192323_f425Hz_x9cm.csv,,1.0,0.0010646429813376,False,
20260627_192356_f425Hz_x10cm,2026-06-27T19:24:04,425,10.0,2,5,16,344.825,344.842,0.132864,344.63,345.12,0.0,OK:16,data\mode_shape\raw\20260627_192356_f425Hz_x10cm.csv,,0.999261040918048,0.0003850237626057,False,
20260627_192420_f425Hz_x11cm,2026-06-27T19:24:27,425,11.0,2,5,16,344.435,344.477,0.173411,344.23,344.85,0.0,OK:16,data\mode_shape\raw\20260627_192420_f425Hz_x11cm.csv,,0.9981308682044744,0.0005025240523936,False,
20260627_192436_f425Hz_x12cm,2026-06-27T19:24:43,425,12.0,2,5,16,343.085,343.174,0.300353,342.83,343.7,0.0,OK:16,data\mode_shape\raw\20260627_192436_f425Hz_x12cm.csv,,0.9942187318882578,0.0008703865770256,False,
20260627_192451_f425Hz_x13cm,2026-06-27T19:24:59,425,13.0,2,5,16,341.03,340.763,0.539186,339.81,341.4,0.0,OK:16,data\mode_shape\raw\20260627_192451_f425Hz_x13cm.csv,,0.9882635910513504,0.0015624956531818,False,
20260627_192514_f425Hz_x14cm,2026-06-27T19:25:22,425,14.0,2,5,16,335.715,335.694,0.129758,335.36,335.86,0.0,OK:16,data\mode_shape\raw\20260627_192514_f425Hz_x14cm.csv,,0.9728613654804684,0.0003760229511997,False,
20260627_192530_f425Hz_x15cm,2026-06-27T19:25:38,425,15.0,2,5,16,329.2,329.333,0.311081,328.97,330.12,0.0,OK:16,data\mode_shape\raw\20260627_192530_f425Hz_x15cm.csv,,0.9539816854062826,0.0009014750202851,False,
20260627_192543_f425Hz_x16cm,2026-06-27T19:25:50,425,16.0,2,5,16,320.12,320.33,0.408013,319.88,321.1,0.0,OK:16,data\mode_shape\raw\20260627_192543_f425Hz_x16cm.csv,,0.9276689463312856,0.001182372203547,False,
20260627_192558_f425Hz_x17cm,2026-06-27T19:26:06,425,17.0,2,5,16,310.385,310.226,0.454407,309.16,310.76,0.0,OK:16,data\mode_shape\raw\20260627_192558_f425Hz_x17cm.csv,,0.8994580966732352,0.0013168163904022,False,
20260627_192613_f425Hz_x18cm,2026-06-27T19:26:20,425,18.0,2,5,16,297.44,297.433,0.173159,297.2,297.71,0.0,OK:16,data\mode_shape\raw\20260627_192613_f425Hz_x18cm.csv,,0.8619450562188479,0.0005017937869479,False,
20260627_192625_f425Hz_x19cm,2026-06-27T19:26:32,425,19.0,2,5,16,278.345,278.371,0.133063,278.19,278.66,0.0,OK:16,data\mode_shape\raw\20260627_192625_f425Hz_x19cm.csv,,0.8066100614350297,0.0003856004404775,False,
20260627_192640_f425Hz_x20cm,2026-06-27T19:26:48,425,20.0,2,5,16,256.99,256.999,0.0967257,256.87,257.25,0.0,OK:16,data\mode_shape\raw\20260627_192640_f425Hz_x20cm.csv,,0.7447258606699896,0.0002802993508751,False,
20260627_192658_f425Hz_x21cm,2026-06-27T19:27:06,425,21.0,2,5,16,229.425,229.359,0.267382,228.77,229.7,0.0,OK:16,data\mode_shape\raw\20260627_192658_f425Hz_x21cm.csv,,0.6648458328503536,0.0007748406166685,False,
20260627_192710_f425Hz_x22cm,2026-06-27T19:27:18,425,22.0,2,5,16,199.725,199.766,0.156324,199.6,200.16,0.0,OK:16,data\mode_shape\raw\20260627_192710_f425Hz_x22cm.csv,,0.5787788338935899,0.0004530079981453,False,
20260627_192722_f425Hz_x23cm,2026-06-27T19:27:30,425,23.0,2,5,16,172.12,172.088,0.146266,171.72,172.28,0.0,OK:16,data\mode_shape\raw\20260627_192722_f425Hz_x23cm.csv,,0.4987828909238437,0.0004238611336501,False,
20260627_192734_f425Hz_x24cm,2026-06-27T19:27:42,425,24.0,2,5,16,138.505,138.521,0.0990245,138.38,138.74,0.0,OK:16,data\mode_shape\raw\20260627_192734_f425Hz_x24cm.csv,,0.4013706966500521,0.0002869609945519,False,
20260627_192748_f425Hz_x25cm,2026-06-27T19:27:55,425,25.0,2,5,16,112.415,112.179,0.403885,111.18,112.53,0.0,OK:16,data\mode_shape\raw\20260627_192748_f425Hz_x25cm.csv,,0.3257650399907268,0.0011704097600556,False,
20260627_192759_f425Hz_x26cm,2026-06-27T19:28:07,425,26.0,2,5,16,80.325,80.4,0.185338,80.22,80.84,0.0,OK:16,data\mode_shape\raw\20260627_192759_f425Hz_x26cm.csv,,0.2327721108148835,0.0005370870522777,False,
20260627_192812_f425Hz_x27cm,2026-06-27T19:28:19,425,27.0,2,5,16,53.49,53.4963,0.0442825,53.43,53.59,0.0,OK:16,data\mode_shape\raw\20260627_192812_f425Hz_x27cm.csv,,0.1550075344847571,0.0001283253158687,False,
20260627_192825_f425Hz_x28cm,2026-06-27T19:28:33,425,28.0,2,5,16,32.475,32.4806,0.0804261,32.38,32.64,0.0,OK:16,data\mode_shape\raw\20260627_192825_f425Hz_x28cm.csv,,0.0941086124956532,0.0002330650863567,False,
20260627_192838_f425Hz_x29cm,2026-06-27T19:28:46,425,29.0,2,5,16,13.95,13.9413,0.0365505,13.88,14.01,0.0,OK:16,data\mode_shape\raw\20260627_192838_f425Hz_x29cm.csv,,0.0404254086009041,0.0001059189173524,False,
20260627_192851_f425Hz_x30cm,2026-06-27T19:28:59,425,30.0,2,5,16,4.265,4.265,0.0259808,4.22,4.3,0.0,CHECK_WIRING:10;OK:6,data\mode_shape\raw\20260627_192851_f425Hz_x30cm.csv,,0.0123594528804914,7.528920829952474e-05,False,
20260627_192906_f425Hz_x31cm,2026-06-27T19:29:13,425,31.0,2,5,16,8.6,8.60063,0.0317153,8.54,8.65,0.0,OK:16,data\mode_shape\raw\20260627_192906_f425Hz_x31cm.csv,,0.0249217572736756,9.190709400718676e-05,False,
20260627_192917_f425Hz_x32cm,2026-06-27T19:29:25,425,32.0,2,5,16,22.205,22.2138,0.0676272,22.13,22.32,0.0,OK:16,data\mode_shape\raw\20260627_192917_f425Hz_x32cm.csv,,0.06434739770488,0.0001959754259881,False,
20260627_192931_f425Hz_x33cm,2026-06-27T19:29:38,425,33.0,2,5,16,45.77,45.7587,0.184285,45.46,46.03,0.0,OK:16,data\mode_shape\raw\20260627_192931_f425Hz_x33cm.csv,,0.1326359105135041,0.000534035585951,False,
20260627_192943_f425Hz_x34cm,2026-06-27T19:29:50,425,34.0,2,5,16,71.755,71.7975,0.205594,71.52,72.15,0.0,OK:16,data\mode_shape\raw\20260627_192943_f425Hz_x34cm.csv,,0.2079372899037904,0.0005957864842934,False,
20260627_192955_f425Hz_x35cm,2026-06-27T19:30:03,425,35.0,2,5,16,100.01,99.8637,0.303168,99.4,100.23,0.0,OK:16,data\mode_shape\raw\20260627_192955_f425Hz_x35cm.csv,,0.289816854062826,0.0008785441057146,False,
20260627_193008_f425Hz_x36cm,2026-06-27T19:30:15,425,36.0,2,5,16,127.38,127.399,0.134558,127.23,127.81,0.0,OK:16,data\mode_shape\raw\20260627_193008_f425Hz_x36cm.csv,,0.3691317955256752,0.0003899327692129,False,
20260627_193020_f425Hz_x37cm,2026-06-27T19:30:28,425,37.0,2,5,16,154.84,154.867,0.155913,154.62,155.12,0.0,OK:16,data\mode_shape\raw\20260627_193020_f425Hz_x37cm.csv,,0.4487075460762722,0.0004518169699779,False,
20260627_193032_f425Hz_x38cm,2026-06-27T19:30:40,425,38.0,2,5,16,186.475,186.537,0.380748,185.84,187.09,0.0,OK:16,data\mode_shape\raw\20260627_193032_f425Hz_x38cm.csv,,0.5403819404196128,0.0011033615393531,False,
20260627_193049_f425Hz_x39cm,2026-06-27T19:30:57,425,39.0,2,5,16,208.755,208.719,0.16019,208.37,208.93,0.0,OK:16,data\mode_shape\raw\20260627_193049_f425Hz_x39cm.csv,,0.6049466790309493,0.0004642111974035,False,
20260627_193104_f425Hz_x40cm,2026-06-27T19:31:12,425,40.0,2,5,16,237.61,237.631,0.141044,237.45,237.87,0.0,OK:16,data\mode_shape\raw\20260627_193104_f425Hz_x40cm.csv,,0.6885649704416368,0.0004087284108032,False,
20260627_193116_f425Hz_x41cm,2026-06-27T19:31:23,425,41.0,2,5,16,262.84,263.091,0.688394,262.37,264.31,0.0,OK:16,data\mode_shape\raw\20260627_193116_f425Hz_x41cm.csv,,0.7616784513735945,0.0019948823461226,False,
20260627_193129_f425Hz_x42cm,2026-06-27T19:31:36,425,42.0,2,5,16,284.165,284.241,0.343956,283.71,284.78,0.0,OK:16,data\mode_shape\raw\20260627_193129_f425Hz_x42cm.csv,,0.823475715776052,0.0009967427842819,False,
20260627_193143_f425Hz_x43cm,2026-06-27T19:31:51,425,43.0,2,5,16,299.06,299.004,0.120669,298.75,299.13,0.0,OK:16,data\mode_shape\raw\20260627_193143_f425Hz_x43cm.csv,,0.8666396197983077,0.0003496841312159,False,
20260627_193405_f510Hz_x1cm,2026-06-27T19:34:13,510,1.0,2,5,16,12.1,12.095,0.0295804,12.04,12.15,0.0,OK:16,data\mode_shape\raw\20260627_193405_f510Hz_x1cm.csv,,0.0395076239919025,9.658275377934504e-05,False,
20260627_193423_f510Hz_x2cm,2026-06-27T19:34:30,510,2.0,2,5,16,48.32,48.3056,0.0754129,48.14,48.42,0.0,OK:16,data\mode_shape\raw\20260627_193423_f510Hz_x2cm.csv,,0.1577692885362588,0.000246230123747,False,
20260627_193439_f510Hz_x3cm,2026-06-27T19:34:47,510,3.0,2,5,16,79.16,79.19,0.11742,79.05,79.36,0.0,OK:16,data\mode_shape\raw\20260627_193439_f510Hz_x3cm.csv,,0.258464753322232,0.000383387207366,False,
20260627_193455_f510Hz_x4cm,2026-06-27T19:35:03,510,4.0,2,5,16,106.03,106.036,0.0685451,105.92,106.22,0.0,OK:16,data\mode_shape\raw\20260627_193455_f510Hz_x4cm.csv,,0.3461977993273908,0.000223806118784,False,
20260627_193510_f510Hz_x5cm,2026-06-27T19:35:17,510,5.0,2,5,16,139.315,139.337,0.164154,139.05,139.66,0.0,OK:16,data\mode_shape\raw\20260627_193510_f510Hz_x5cm.csv,,0.4548764162340419,0.0005359780585757,False,
20260627_193527_f510Hz_x6cm,2026-06-27T19:35:34,510,6.0,2,5,16,176.365,176.402,0.211578,176.08,176.82,0.0,OK:16,data\mode_shape\raw\20260627_193527_f510Hz_x6cm.csv,,0.5758481078786692,0.0006908218238808,False,
20260627_193546_f510Hz_x7cm,2026-06-27T19:35:53,510,7.0,2,5,16,197.78,197.748,0.293353,196.98,198.14,0.0,OK:16,data\mode_shape\raw\20260627_193546_f510Hz_x7cm.csv,,0.645770072158553,0.0009578247951154,False,
20260627_193557_f510Hz_x8cm,2026-06-27T19:36:05,510,8.0,2,5,16,227.49,227.453,0.217966,227.08,227.87,0.0,OK:16,data\mode_shape\raw\20260627_193557_f510Hz_x8cm.csv,,0.7427759819766873,0.0007116792372743,False,
20260627_193611_f510Hz_x9cm,2026-06-27T19:36:18,510,9.0,2,5,16,255.805,255.808,0.165812,255.59,256.25,0.0,OK:16,data\mode_shape\raw\20260627_193611_f510Hz_x9cm.csv,,0.8352270872106312,0.0005413915825905,False,
20260627_193627_f510Hz_x10cm,2026-06-27T19:36:34,510,10.0,2,5,16,275.01,275.033,0.171154,274.73,275.4,0.0,OK:16,data\mode_shape\raw\20260627_193627_f510Hz_x10cm.csv,,0.8979331961994319,0.000558833708819,False,
20260627_193640_f510Hz_x11cm,2026-06-27T19:36:47,510,11.0,2,5,16,284.48,284.427,0.24155,283.78,284.84,0.0,OK:16,data\mode_shape\raw\20260627_193640_f510Hz_x11cm.csv,,0.9288536258856566,0.0007886831880366,False,
20260627_193655_f510Hz_x12cm,2026-06-27T19:37:03,510,12.0,2,5,16,294.735,294.766,0.301806,294.18,295.27,0.0,OK:16,data\mode_shape\raw\20260627_193655_f510Hz_x12cm.csv,,0.962337153492017,0.0009854246253305,False,
20260627_193714_f510Hz_x13cm,2026-06-27T19:37:22,510,13.0,2,5,16,298.69,298.668,0.0902427,298.45,298.86,0.0,OK:16,data\mode_shape\raw\20260627_193714_f510Hz_x13cm.csv,,0.9752505958794528,0.0002946507983152,False,
20260627_193729_f510Hz_x14cm,2026-06-27T19:37:36,510,14.0,2,5,16,305.88,305.734,0.339446,305.11,306.21,0.0,OK:16,data\mode_shape\raw\20260627_193729_f510Hz_x14cm.csv,,0.998726613772162,0.0011083227217814,False,
20260627_193743_f510Hz_x15cm,2026-06-27T19:37:51,510,15.0,2,5,16,305.0,304.989,0.261186,304.51,305.53,0.0,OK:16,data\mode_shape\raw\20260627_193743_f510Hz_x15cm.csv,,0.9958533320272962,0.0008527965520619,False,
20260627_193758_f510Hz_x16cm,2026-06-27T19:38:06,510,16.0,2,5,16,306.27,306.289,0.152744,306.06,306.56,0.0,OK:16,data\mode_shape\raw\20260627_193758_f510Hz_x16cm.csv,,1.0,0.0004987233486792,False,
20260627_193812_f510Hz_x17cm,2026-06-27T19:38:19,510,17.0,2,5,16,300.32,299.992,1.3275,297.68,301.74,0.0,OK:16,data\mode_shape\raw\20260627_193812_f510Hz_x17cm.csv,,0.980572697293238,0.0043344108139876,False,
20260627_193824_f510Hz_x18cm,2026-06-27T19:38:31,510,18.0,2,5,16,293.73,293.461,1.2827,290.74,295.05,0.0,OK:16,data\mode_shape\raw\20260627_193824_f510Hz_x18cm.csv,,0.9590557351356648,0.0041881346524308,False,
20260627_193838_f510Hz_x19cm,2026-06-27T19:38:45,510,19.0,2,5,16,286.0,286.142,1.02425,284.58,287.88,0.0,OK:16,data\mode_shape\raw\20260627_193838_f510Hz_x19cm.csv,,0.9338165670813336,0.0033442713945211,False,
20260627_193850_f510Hz_x20cm,2026-06-27T19:38:58,510,20.0,2,5,16,275.005,275.114,0.812618,273.63,276.37,0.0,OK:16,data\mode_shape\raw\20260627_193850_f510Hz_x20cm.csv,,0.8979168707349724,0.0026532732556241,False,
20260627_193901_f510Hz_x21cm,2026-06-27T19:39:08,510,21.0,2,5,16,265.98,265.905,0.620957,264.89,266.85,0.0,OK:16,data\mode_shape\raw\20260627_193901_f510Hz_x21cm.csv,,0.8684494073856402,0.002027482286871,False,
20260627_193913_f510Hz_x22cm,2026-06-27T19:39:20,510,22.0,2,5,16,250.785,250.808,1.02074,248.83,252.17,0.0,OK:16,data\mode_shape\raw\20260627_193913_f510Hz_x22cm.csv,,0.8188363208933295,0.0033328109184706,False,
20260627_193923_f510Hz_x23cm,2026-06-27T19:39:30,510,23.0,2,5,16,234.02,234.002,0.106197,233.76,234.21,0.0,OK:16,data\mode_shape\raw\20260627_193923_f510Hz_x23cm.csv,,0.7640970385607472,0.0003467430698403,False,
20260627_193935_f510Hz_x24cm,2026-06-27T19:39:42,510,24.0,2,5,16,216.205,216.197,0.129553,215.93,216.49,0.0,OK:16,data\mode_shape\raw\20260627_193935_f510Hz_x24cm.csv,,0.7059294086916773,0.0004230025794233,False,
20260627_193947_f510Hz_x25cm,2026-06-27T19:39:54,510,25.0,2,5,16,196.6,196.623,0.58018,195.73,197.66,0.0,OK:16,data\mode_shape\raw\20260627_193947_f510Hz_x25cm.csv,,0.6419172625461195,0.0018943415940183,False,
20260627_193957_f510Hz_x26cm,2026-06-27T19:40:04,510,26.0,2,5,16,170.97,170.972,0.202244,170.6,171.5,0.0,OK:16,data\mode_shape\raw\20260627_193957_f510Hz_x26cm.csv,,0.5582329317269077,0.0006603454468279,False,
20260627_194008_f510Hz_x27cm,2026-06-27T19:40:15,510,27.0,2,5,16,145.42,145.396,0.131955,145.17,145.56,0.0,OK:16,data\mode_shape\raw\20260627_194008_f510Hz_x27cm.csv,,0.4748098083390472,0.0004308453325497,False,
20260627_194021_f510Hz_x28cm,2026-06-27T19:40:28,510,28.0,2,5,16,121.9,121.88,0.0907607,121.71,122.01,0.0,OK:16,data\mode_shape\raw\20260627_194021_f510Hz_x28cm.csv,,0.3980148235217292,0.0002963421164332,False,
20260627_194033_f510Hz_x29cm,2026-06-27T19:40:40,510,29.0,2,5,16,93.265,93.28,0.0403113,93.23,93.36,0.0,OK:16,data\mode_shape\raw\20260627_194033_f510Hz_x29cm.csv,,0.3045188885623796,0.0001316201390929,False,
20260627_194046_f510Hz_x30cm,2026-06-27T19:40:53,510,30.0,2,5,16,64.355,64.3519,0.038926,64.29,64.42,0.0,OK:16,data\mode_shape\raw\20260627_194046_f510Hz_x30cm.csv,,0.2101250530577595,0.0001270970059098,False,
20260627_194058_f510Hz_x31cm,2026-06-27T19:41:05,510,31.0,2,5,16,36.55,36.5844,0.493457,35.9,37.5,0.0,OK:16,data\mode_shape\raw\20260627_194058_f510Hz_x31cm.csv,,0.1193391451986809,0.0016111829431547,False,
20260627_194113_f510Hz_x32cm,2026-06-27T19:41:21,510,32.0,2,5,16,18.075,18.0512,0.0550993,17.93,18.12,0.0,OK:16,data\mode_shape\raw\20260627_194113_f510Hz_x32cm.csv,,0.0590165540209619,0.0001799043327782,False,
20260627_194126_f510Hz_x33cm,2026-06-27T19:41:33,510,33.0,2,5,16,6.215,24.6212,34.8518,5.95,119.25,0.0,OK:16,data\mode_shape\raw\20260627_194126_f510Hz_x33cm.csv,,0.0202925523231135,0.1137943644496685,False,
20260627_194137_f510Hz_x34cm,2026-06-27T19:41:45,510,34.0,2,5,16,10.69,10.6931,0.0416411,10.61,10.77,0.0,OK:16,data\mode_shape\raw\20260627_194137_f510Hz_x34cm.csv,,0.0349038430143337,0.0001359620596205,False,
20260627_194148_f510Hz_x35cm,2026-06-27T19:41:55,510,35.0,2,5,16,30.49,30.4969,0.0897022,30.36,30.66,0.0,OK:16,data\mode_shape\raw\20260627_194148_f510Hz_x35cm.csv,,0.0995526822738106,0.0002928860156071,False,
20260627_194158_f510Hz_x36cm,2026-06-27T19:42:06,510,36.0,2,5,16,55.85,55.8513,0.0586169,55.74,55.97,0.0,OK:16,data\mode_shape\raw\20260627_194158_f510Hz_x36cm.csv,,0.1823554380122114,0.0001913896235347,False,
20260627_194211_f510Hz_x37cm,2026-06-27T19:42:18,510,37.0,2,5,16,87.5,87.5044,0.0867445,87.35,87.77,0.0,OK:16,data\mode_shape\raw\20260627_194211_f510Hz_x37cm.csv,,0.2856956280406177,0.0002832288503607,False,
20260627_194222_f510Hz_x38cm,2026-06-27T19:42:29,510,38.0,2,5,16,128.0,127.985,0.200156,127.64,128.39,0.0,OK:16,data\mode_shape\raw\20260627_194222_f510Hz_x38cm.csv,,0.4179318901622751,0.0006535279328696,False,
20260627_194233_f510Hz_x39cm,2026-06-27T19:42:40,510,39.0,2,5,16,159.52,159.541,0.296321,159.12,160.08,0.0,OK:16,data\mode_shape\raw\20260627_194233_f510Hz_x39cm.csv,,0.5208476181147355,0.0009675155908185,False,
20260627_194244_f510Hz_x40cm,2026-06-27T19:42:51,510,40.0,2,5,16,190.115,189.732,0.649995,188.53,190.31,0.0,OK:16,data\mode_shape\raw\20260627_194244_f510Hz_x40cm.csv,,0.6207431351421948,0.0021222940542658,False,
20260627_194256_f510Hz_x41cm,2026-06-27T19:43:04,510,41.0,2,5,16,224.67,224.648,0.302267,224.07,225.03,0.0,OK:16,data\mode_shape\raw\20260627_194256_f510Hz_x41cm.csv,,0.7335684200215496,0.0009869298331537,False,
20260627_194308_f510Hz_x42cm,2026-06-27T19:43:15,510,42.0,2,5,16,249.91,249.906,0.235743,249.41,250.32,0.0,OK:16,data\mode_shape\raw\20260627_194308_f510Hz_x42cm.csv,,0.8159793646129233,0.0007697227936134,False,
20260627_194408_f510Hz_x43cm,2026-06-27T19:44:15,510,43.0,2,5,16,297.985,298.005,0.15293,297.75,298.3,0.0,OK:16,data\mode_shape\raw\20260627_194408_f510Hz_x43cm.csv,,0.9729487053906684,0.0004993306559571,False,
20260627_194716_f680Hz_x1cm,2026-06-27T19:47:24,680,1.0,2,5,16,349.735,349.754,0.0784916,349.65,350.0,0.0,OK:16,data\mode_shape\raw\20260627_194716_f680Hz_x1cm.csv,,0.9957010064200202,0.0002234668109154,False,
20260627_194737_f680Hz_x2cm,2026-06-27T19:47:44,680,2.0,2,5,16,343.975,344.023,0.2369,343.67,344.43,0.0,OK:16,data\mode_shape\raw\20260627_194737_f680Hz_x2cm.csv,,0.9793021964725476,0.0006744579994021,False,
20260627_194749_f680Hz_x3cm,2026-06-27T19:47:57,680,3.0,2,5,16,335.72,335.746,0.141243,335.47,336.03,0.0,OK:16,data\mode_shape\raw\20260627_194749_f680Hz_x3cm.csv,,0.955800082563453,0.0004021210266338,False,
20260627_194802_f680Hz_x4cm,2026-06-27T19:48:09,680,4.0,2,5,16,320.46,320.496,0.351158,319.91,321.05,0.0,OK:16,data\mode_shape\raw\20260627_194802_f680Hz_x4cm.csv,,0.912354624265114,0.0009997523096414,False,
20260627_194816_f680Hz_x5cm,2026-06-27T19:48:23,680,5.0,2,5,16,301.285,301.303,0.134987,301.07,301.53,0.0,OK:16,data\mode_shape\raw\20260627_194816_f680Hz_x5cm.csv,,0.8577630998306026,0.0003843100969408,False,
20260627_194828_f680Hz_x6cm,2026-06-27T19:48:35,680,6.0,2,5,16,266.49,266.535,0.191279,266.3,267.08,0.0,OK:16,data\mode_shape\raw\20260627_194828_f680Hz_x6cm.csv,,0.7587011914760352,0.00054457429999,False,
20260627_194841_f680Hz_x7cm,2026-06-27T19:48:48,680,7.0,2,5,16,217.04,216.981,0.263948,216.42,217.35,0.0,OK:16,data\mode_shape\raw\20260627_194841_f680Hz_x7cm.csv,,0.617916269270737,0.0007514640777804,False,
20260627_194854_f680Hz_x8cm,2026-06-27T19:49:01,680,8.0,2,5,16,156.385,156.373,0.165473,156.02,156.62,0.0,OK:16,data\mode_shape\raw\20260627_194854_f680Hz_x8cm.csv,,0.4452305370894959,0.0004711042150066,False,
20260627_194908_f680Hz_x9cm,2026-06-27T19:49:15,680,9.0,2,5,16,105.975,105.993,0.168587,105.69,106.55,0.0,OK:16,data\mode_shape\raw\20260627_194908_f680Hz_x9cm.csv,,0.3017124798929522,0.0004799698216344,False,
20260627_194924_f680Hz_x10cm,2026-06-27T19:49:32,680,10.0,2,5,16,70.475,70.4669,0.0999824,70.2,70.59,0.0,OK:16,data\mode_shape\raw\20260627_194924_f680Hz_x10cm.csv,,0.200643425529189,0.0002846514541132,False,
20260627_194939_f680Hz_x11cm,2026-06-27T19:49:46,680,11.0,2,5,16,27.1,27.0912,0.03586,27.02,27.15,0.0,OK:16,data\mode_shape\raw\20260627_194939_f680Hz_x11cm.csv,,0.0771541231903657,0.0001020939799854,False,
20260627_194952_f680Hz_x12cm,2026-06-27T19:49:59,680,12.0,2,5,16,6.975,6.975,0.0574456,6.85,7.09,0.0,CHECK_WIRING:16,data\mode_shape\raw\20260627_194952_f680Hz_x12cm.csv,,0.0198579339207675,0.0001635485202636,False,
20260627_195007_f680Hz_x13cm,2026-06-27T19:50:14,680,13.0,2,5,16,14.62,14.8112,0.425645,14.54,16.1,0.0,OK:16,data\mode_shape\raw\20260627_195007_f680Hz_x13cm.csv,,0.0416233683041751,0.0012118179618215,False,
20260627_195024_f680Hz_x14cm,2026-06-27T19:50:32,680,14.0,2,5,16,42.34,42.3269,0.0786383,42.15,42.42,0.0,OK:16,data\mode_shape\raw\20260627_195024_f680Hz_x14cm.csv,,0.1205426411763868,0.0002238844681063,False,
20260627_195042_f680Hz_x15cm,2026-06-27T19:50:49,680,15.0,2,5,16,77.315,77.3706,0.108194,77.25,77.64,0.0,OK:16,data\mode_shape\raw\20260627_195042_f680Hz_x15cm.csv,,0.2201170123418127,0.0003080300075445,False,
20260627_195056_f680Hz_x16cm,2026-06-27T19:51:03,680,16.0,2,5,16,119.46,119.209,0.751918,116.48,119.69,0.0,OK:16,data\mode_shape\raw\20260627_195056_f680Hz_x16cm.csv,,0.3401044854731028,0.0021407222878617,False,
20260627_195117_f680Hz_x17cm,2026-06-27T19:51:24,680,17.0,2,5,16,160.465,160.477,0.351989,159.59,161.31,0.0,OK:16,data\mode_shape\raw\20260627_195117_f680Hz_x17cm.csv,,0.456846360802289,0.0010021181796182,False,
20260627_195130_f680Hz_x18cm,2026-06-27T19:51:40,680,18.0,2,5,16,203.32,203.284,0.160272,202.89,203.49,0.0,OK:16,data\mode_shape\raw\20260627_195130_f680Hz_x18cm.csv,,0.5788552150208544,0.0004562968867884,False,
20260627_195143_f680Hz_x19cm,2026-06-27T19:51:51,680,19.0,2,5,16,247.165,247.104,0.231462,246.66,247.39,0.0,OK:16,data\mode_shape\raw\20260627_195143_f680Hz_x19cm.csv,,0.7036826146991416,0.0006589759284829,False,
20260627_195154_f680Hz_x20cm,2026-06-27T19:52:01,680,20.0,2,5,16,284.455,284.452,0.179172,284.16,284.87,0.0,OK:16,data\mode_shape\raw\20260627_195154_f680Hz_x20cm.csv,,0.8098478270153311,0.0005101054819285,False,
20260627_195205_f680Hz_x21cm,2026-06-27T19:52:12,680,21.0,2,5,16,312.725,312.759,0.153414,312.56,313.13,0.0,OK:16,data\mode_shape\raw\20260627_195205_f680Hz_x21cm.csv,,0.8903329584762772,0.0004367720536947,False,
20260627_195217_f680Hz_x22cm,2026-06-27T19:52:24,680,22.0,2,5,16,327.855,327.959,0.374631,327.49,328.58,0.0,OK:16,data\mode_shape\raw\20260627_195217_f680Hz_x22cm.csv,,0.9334083047445516,0.0010665803071929,False,
20260627_195227_f680Hz_x23cm,2026-06-27T19:52:35,680,23.0,2,5,16,339.43,339.406,0.230352,338.94,339.83,0.0,OK:16,data\mode_shape\raw\20260627_195227_f680Hz_x23cm.csv,,0.96636251049837,0.0006558157411493,False,
20260627_195238_f680Hz_x24cm,2026-06-27T19:52:46,680,24.0,2,5,16,343.7,343.689,0.436976,343.01,344.32,0.0,OK:16,data\mode_shape\raw\20260627_195238_f680Hz_x24cm.csv,,0.9785192671781804,0.001244077495765,False,
20260627_195250_f680Hz_x25cm,2026-06-27T19:52:57,680,25.0,2,5,16,347.76,347.552,1.90109,343.7,350.65,0.0,OK:16,data\mode_shape\raw\20260627_195250_f680Hz_x25cm.csv,,0.990078150578656,0.0054124329171945,False,
20260627_195302_f680Hz_x26cm,2026-06-27T19:53:09,680,26.0,2,5,16,351.245,351.192,0.232069,350.54,351.57,0.0,OK:16,data\mode_shape\raw\20260627_195302_f680Hz_x26cm.csv,,1.0,0.0006607040669618,False,
20260627_195314_f680Hz_x27cm,2026-06-27T19:53:21,680,27.0,2,5,16,348.325,348.296,0.109708,348.1,348.47,0.0,OK:16,data\mode_shape\raw\20260627_195314_f680Hz_x27cm.csv,,0.9916867144016284,0.000312340389187,False,
20260627_195324_f680Hz_x28cm,2026-06-27T19:53:32,680,28.0,2,5,16,343.18,343.202,0.142969,342.99,343.54,0.0,OK:16,data\mode_shape\raw\20260627_195324_f680Hz_x28cm.csv,,0.9770388190579226,0.0004070349755868,False,
20260627_195337_f680Hz_x29cm,2026-06-27T19:53:44,680,29.0,2,5,16,333.805,333.75,0.195448,333.37,334.0,0.0,OK:16,data\mode_shape\raw\20260627_195337_f680Hz_x29cm.csv,,0.9503480476590416,0.0005564435080926,False,
20260627_195347_f680Hz_x30cm,2026-06-27T19:53:58,680,30.0,2,5,16,312.495,312.502,0.151183,312.23,312.73,0.0,OK:16,data\mode_shape\raw\20260627_195347_f680Hz_x30cm.csv,,0.8896781448846247,0.0004304203618556,False,
20260627_195403_f680Hz_x31cm,2026-06-27T19:54:10,680,31.0,2,5,16,285.625,285.407,1.05489,283.6,287.12,0.0,OK:16,data\mode_shape\raw\20260627_195403_f680Hz_x31cm.csv,,0.8131788352859115,0.0030032883030363,False,
20260627_195416_f680Hz_x32cm,2026-06-27T19:54:23,680,32.0,2,5,16,236.7,236.759,0.170678,236.51,237.08,0.0,OK:16,data\mode_shape\raw\20260627_195416_f680Hz_x32cm.csv,,0.6738885962789506,0.0004859229312872,False,
20260627_195429_f680Hz_x33cm,2026-06-27T19:54:36,680,33.0,2,5,16,199.92,200.059,0.530423,199.29,201.14,0.0,OK:16,data\mode_shape\raw\20260627_195429_f680Hz_x33cm.csv,,0.5691753619268601,0.0015101225640222,False,
20260627_195437_f680Hz_x34cm,2026-06-27T19:54:48,680,34.0,2,5,16,139.675,139.656,0.128742,139.39,139.85,0.0,OK:16,data\mode_shape\raw\20260627_195437_f680Hz_x34cm.csv,,0.3976569061481302,0.0003665304844197,False,
20260627_195452_f680Hz_x35cm,2026-06-27T19:55:00,680,35.0,2,5,16,87.735,87.7381,0.0599186,87.65,87.84,0.0,OK:16,data\mode_shape\raw\20260627_195452_f680Hz_x35cm.csv,,0.2497829150592891,0.0001705891898817,False,
20260627_195504_f680Hz_x36cm,2026-06-27T19:55:11,680,36.0,2,5,16,35.905,35.9312,0.0793627,35.8,36.08,0.0,OK:16,data\mode_shape\raw\20260627_195504_f680Hz_x36cm.csv,,0.1022220956881948,0.0002259468462184,False,
20260627_195515_f680Hz_x37cm,2026-06-27T19:55:22,680,37.0,2,5,16,10.09,10.0925,0.0611862,9.99,10.2,0.0,OK:16,data\mode_shape\raw\20260627_195515_f680Hz_x37cm.csv,,0.0287263875642357,0.0001741980668763,False,
20260627_195525_f680Hz_x38cm,2026-06-27T19:55:33,680,38.0,2,5,16,7.825,7.80625,0.0867378,7.63,7.96,0.0,OK:16,data\mode_shape\raw\20260627_195525_f680Hz_x38cm.csv,,0.0222778971942661,0.0002469438710871,False,
20260627_195536_f680Hz_x39cm,2026-06-27T19:55:44,680,39.0,2,5,16,28.905,28.9112,0.0463512,28.84,28.99,0.0,OK:16,data\mode_shape\raw\20260627_195536_f680Hz_x39cm.csv,,0.0822929863770302,0.0001319625902148,False,
20260627_195549_f680Hz_x40cm,2026-06-27T19:55:56,680,40.0,2,5,16,63.32,63.2888,0.123889,62.84,63.4,0.0,OK:16,data\mode_shape\raw\20260627_195549_f680Hz_x40cm.csv,,0.1802730287975629,0.0003527139176358,False,
20260627_195600_f680Hz_x41cm,2026-06-27T19:56:08,680,41.0,2,5,16,106.495,106.437,0.169953,106.17,106.68,0.0,OK:16,data\mode_shape\raw\20260627_195600_f680Hz_x41cm.csv,,0.3031929280132102,0.0004838588449657,False,
20260627_195611_f680Hz_x42cm,2026-06-27T19:56:19,680,42.0,2,5,16,154.815,154.778,0.695173,153.25,155.67,0.0,OK:16,data\mode_shape\raw\20260627_195611_f680Hz_x42cm.csv,,0.4407607225725633,0.0019791683867386,False,
20260627_195622_f680Hz_x43cm,2026-06-27T19:56:30,680,43.0,2,5,16,208.93,208.835,0.304179,207.95,209.14,0.0,OK:16,data\mode_shape\raw\20260627_195622_f680Hz_x43cm.csv,,0.5948269726259449,0.0008660023630229,False,
